115,18,150,119,102,150
166,1,205,168,170,107,70,17,42,179,129
94,29,155,44,32,1,16,33
76,135,42
123
8,42,208
11,7,231
155,1,49,79
179,47,166,42,154,58,179,166,36,45,28,215
1,75,76,8,42
67,52,56,45,73
185,128,104
57,48,42,49,34
107,65,58,201,118,71,179,208
49,63,40,109,115
51,42,180,168
107,68
94,58,113,112,94,58,113,112
57,203,66,248,27,45
189,116
67,43,67
48,123,105,215
18,81,78
48,63,40,11,28,40,91,242,11,195,191,179,198
121,197,89
173,25,172,25,184,222,74,90
89
123,166,25,223,215,124
63,40,52,40,63,223,41,63,96,41,94,40,0,198,32,1,216,32,21,251,32,117,112,41
189
221,57,118,130,131,187,253
1,236,140,156,52,62,53,57,36,105,74,151
39,184,61
24,55,37,49,62
247,98,76,132,20,49,16,82,98
107,97,180,179,223
82,7,146,197
9,47,10,5,43,185,224,9,138,240
164,11,241,226,47,7,76
232
51,27,7,9,101,101,195,242,143,112,9,166,132,166,87,164,44,32,106
24
246,181,2,245,212,158
94,107,104,35,94,107,72,43
30
105,49
1,197
18,75,60
90,118,71
92,74,92,111,92,104,92,110,135,92,68,92,111,92,101,87
94,73,36,79,94,73,36,79
182,2
35,100
18,75,61
75,190,168
181
123,107,47,223,214
107,100,232
28,33,99
19,101
25,58,190,201,182,229,206,177,59,104
109,63
205,148,37
245,253,20
28,70
246,187,43,148,228
53,118,139,17,210
246,18,153,177,201,49,61
246,240,151,201
28,85,15,84,191
140,131,18,139,210
18,75,132,148
197,17,28,84,82,28,84
77,36,82
107,72
73,161,94,35,58,89,112,42,122,113,94,96
18,29
213
213
47,147,240,74,151
222,248,98,42,51,148,166,78,37,22
73,204,73,45,228,74,94,37,32,43,32,40,37,47,37,41,94,36,37
118,79
107,5,36,70
25,178,187
48,36,40,92,59,110,61,14,131,92,35,110,61,91,172,132,37,67,214,48
23
178
107,66,133
9,58,76,30,73,92,9,240
241
92,104,74,181,91,92,104,20,76,107,104,42,124,9,3,217
190,199,22,58,104,211,206,104,92,40,61,43,95,116,211,206,116,92,41,61,45,155
9,27,76,51,71,112,249,21,31,253,12,222,9,17,107,50,223,49,61,105,240
92,42,165,42,174,43,165,42
49,58,123,131,195,63,224,124,58,0,178,208,110,26,208,47,77,179,58,110,178,208,146,47,59,15,95,96,125,195
165,26
17,211,118,179,62,116
107,66,107,108,192
117,78,132,14,235,58,91,44,93,96,236
237,91,23,91,107,65,124,107,97
94,10,72,101,108,108,111,10,44,10,32,87,111,114,10,108,10,100,10,33,94,10,92,10,45
107,65,107,97,192
18,197,187
107,65,180,169,25,221,82,197,175
39,63,146,49,61
73
35,78
9,3
131
117,49
49,123,58,131,49,62,124,17
49,50,186,22,169,63,49,49,42,45,63,50,224,101,42
49,50,186,22,169,63,49,49,42,45,129
235,78
11,36,236,230,233,251,26,239,223,121,154,94,171,103,239,180,31,0,11,107,177,107,8,42,42
197,28,84,102,246,100,179,157,179,165,186
0,205,179,253,186,65,59,152,116
54,27,123,58,76,63,60,124,58,50,42,36,58,51,42,36,58,53,42,230,230,230,125,115,63,202
107,139,132,56,54,52,48,48,42,107,190,51,54,48,48,42,43,107,193,54,48,42,43,107,198,43
40,212,78
45,49
92,48,250,92,49,250,92,50,250,63,40,252,51,110,131,101,40,251,96,41,1,48,43,250,96,110,116,48,61,91,110,131,250,110,50,43,250,124,110,116,49,61,91,110,131,250,124,110,50,43,250,93,93,41,1,92,48,94,48,48,10,94,19,154,92,49,94,48,49,10,94,19,154,92,50,94,49,48,10,94,19,154,59,175
223,164,39,115,43,58,136,97,92,32,63,39,104,137,97,236,104,61,59,94,94,74,223,92,32,63,39,104,137,97,236,104,61,59,223,43,43,43,43
50,40,63,57,13,63,63,101,42,41,62
0,63,58,26,223,126,61,91,120,43
51,101,232
210,1,107,5,20,76
134,92,33,86
1,222,59,53,157,82,118,66,107,65,107,100,43,36,191,151,43
48,74,48,112,212,84,245,132,157,50,157
133,36,17,58,78,36,155,3
107,47,139,107,47,197,241,242
8,61,91,107,104,124,116,135,61,91,107,8,24,223,124,123
94,65,32,1,246,32,99,111,109,109,105,116,109,101,110,116,39,115,32,119,133,6,32,73,39,109,32,24,31,32,111,102
2,43
49,54,40,104,164,232,193,235,36,45,94,32,39,50,94,201,223,31,215
1,48,16,121,34,28,84,58,233,206,40,234,74,41,196,1,75,1,28,84,1,151,59,181,59,97,59,97,59,92,46,112
91,123,214
247,58,132,219,20,199,132,191,179
123,225,124,51,25,1,18,197,100,22,59,58,208,179,161,58,49,125,47
71,26,1,63,36,99
165,40,164,82,68,53,42,1,164,43,45,223,100,43,59,92,85,164,85,39,34,223,74,194,44
236,94,91,97,45,122,93,43,94,36,202,85,115
197,144,197,1,116,94,92,124,47,94,94,124,47,96,94,192,110,104,36,221,59,58,1,94,95,32,42,94,36,101,116,59,103,233,1,234,152
26,187,179
26,36,101,68,253,36,47,179,36,253,34,58,146,47
9,96,115,97,125,93,133,9,235,61,94,43,51,48,32,23,176,92,55,94,42
1,28,70,36,105,59,253
9,1,46,137,161,70,238,206,26,64,61,17,13
94,58,113,36,43,61,94,58,113,36,43,61
180,68,116,17,45,231
76,40,68,76,132,110,45,135,36,42,43,109,135,110,42,36,43,44,49,243
171,50,53,40,131,68,58,67,36,67,254,131,67,43,36,43,44
76,50,36,34,105,69,165,42,94,45,65,86,105,117,125,94,67,52,52,43,62,179,131
50,57,57,54,53,53,55,56,53,57,50,50,48,53,53,54,49,54,50,53,51,48,57,57,54,55,54,55,52,55,48,58,94,48,49,50,51,52,53,54,55,56,57,43,58,94,92,92,92,94,92,139,43,43,43,139,43
26,11,9,202,250,193,14,41,30,39,204,131,156,104,206,145,15,154,137,206,11,49,50,139,54,56,43,180,48,112,54,54,43,36,70,104,177
179,107,180,177,17
101,98,76,132
94,3,148
94,3,148
22,1,162,163,110,233,234,76,24,40,120,124,110,2,165,114,40,234,67,67,137,120,32,110,83,193,151,73,74,41,41,59,147,104,201,39,179,107,50,61
50,40,58,119,74,206,28,199,118,199
48,112,43
131,35,132
94,78,68,113,112,94,78,68,113,112
0,50,157,9,17,209,9,58,201,9,5,117,79,203,78,16,98,77,142,209,68,107,9,210,192,151,92,101,47,58,76,132,92,101,42,36,151,43,59,201,164,101,101,111,58,92,101,114,14,131,92,101,92,45,86
107,104
1,94,132,94,31,85,76,59,150
57,92,42,221,165,40,44,57,110,45,92,48,110,131,42,221,19,109
0,56,56,111,107,50,132,111,56,57,107,50,236,86,59,201
94,63,68,76,52,37,91,124,91,36,58,113,36,43,36,76,52,47,42,94,63,68,76,52,37,91,124,91,36,58,113,36,43,36,76,52,47,42
121,36,51,42,74,179,165,186
107,122,197
107,66,17,40,110,110,49,51,243,192
121,43
1,206,61,59,189,39,104,59,118,76,115,116
115,108,105,99,101,32,101,120,112,101,99,116,101,100,32,97,116,32,108,101,97,115,116,32,49,32,97,114,103,117,109,101,110,116,115,44,32,103,111,116,32,48
189,118,76,71
107,97
58,73,44,235
153,1,151,59,36,99
196,85
55,26,36,232,63,179,78,36,244,156,36
11,23,166,115,225,11,169,139,63,50,56,219,105,63,57,54,219,43
102,206,76,101,179,61
9,28,84,195,97,163,195,50,2,126,90,121,144,18,167,142,9,235,68,51,152,223,214,55,152,223,214,54,26,50,43,63,145,117,61,53,48,42,63,53,48,37,43,58,165,60,91,92,48,112,93,214,50,152,68,201,201,223,151,214
40,164,91,32,207,42,110,165,37,164,32,93,207,42,43,43,44,41,207,132,40,164,32,32,110,131,42,164,91,32,207,110,177,132,42,112,92,88,43,164,32,32,110,131,42,43,164,32,93,207,110,177,132,42,43,44
48
67,132,51,37,48,16,118,179,71
158,63,63,158,74,76
91,48,62,94,32,32,45,126,45,10,94,36,91,94,36,124,45,126,45,10,94,43,124,50,93,42,94,32,32,45,126,45,94,43,249,176,124,94,194,1,32,111,110,32,0,21,32,0,27,32,7,184,33,32,58,68
25,100,131,8,42,8,74
40,206,110,177,135,42,110,100,235,92,96,42,43,44,206,110,177,236,135,42,206,110,177,167,91,92,111,124,206,132,110,61,91,134,124,135,93,93,164,47,44,110,100,92,96,42,164,44,92,206,110,177,167,91,124,92,111,43,93,87,151,44
164,47,92,53,42,115,54,40,52,40,58,54,42,44,41,197
1,92,47,61,38,45,135,234,42,110,43,44,67,167,38,43
52,26,1,83,53,42,102,118,73,59,63,74,102,9,6,17,206,9,42,194
55
132,40,206,101
107,72,164,46,112,43
25,43,179,131
26,40,110,58,43,132,41,87,180
75,252,112
240
24,238,58,233,36,118,241,234,90,1,7,119,36,158,59,102
240
9,51,221,201,24,229,62,212,229,92,52,140,186,35,250,70,62,157,35,167,4,15,113,108,126,45,155,208,60,118,203,37,41,18,171,85,7,249,25,24,101,182,197,98,68,123,235,17,206,154,163,185,73,51,225,206,63,0,9,49,54,47,118,223,196,223,52,157,1,7,87,164,32,32,106,59,175,235,164,81,32,164,81,117,86
48
131,135,42,92,124,43,44,40,206,110,177,92,47,221,110,100,131,92,92,221,43,44,41,8,206,100,131,45,8,43,58,44,206,100,40,92,124,164,32,111,206,42,135,92,124,43,43,43,44,41,44,164,32,47,92,96,206,100,132,42,92,92,43,43,44
233,90,1,234,82
118,139,82,7,43,78,206,37,197,206,138
49,158,247,50,157,198,20
26
40,197,147,41,87,197,39
52,139,107,215,116,58,254,74,112,102,68,1,133,94,124,32,94,36,105,59,194,44,1,92,124,59,194,44,1,17,211,94,32,124,94,36,105,59,194,44
123
94,123,94,123,94
92,99,112,199,199
135,42,92,96,63,42,100,43,44,40,110,45,132,135,42,92,47,110,63,43,135,42,100,43,43,92,92,43,44,41,40,110,135,42,92,92,63,100,132,110,45,110,131,63,61,91,92,96,124,135,93,42,100,43,43,92,47,43,44,41
94,32,94,91,94,20,141,32,169,231,94,124,94,2,221,11,171,94,17,194
26,118,139,1,206,110,189,118,152,102,207,138
107,114,36,71,145,131
197,156,58,255,16,118,112
233,94,71,67,77,94,1,234,42,63,40,58,44,41,59,92,71,63,42,63,40,58,44
107,47,214,51,42,235,92,96,42,107,47,43,44,131,40,110,94,92,32,92,92,94,221,214,110,177,100,43,110,206,61,94,32,96,94,36,105,42,214,94,47,32,47,94,44,41,131,92,92,221,214,235,92,96,42,92,47,43,44
40,53,206,42,134,45,44,94,41,61,61,61,41,94,206,42,58,44,94,40,61,61,61,40,94,206,42,44,44,41,53,42,134,45,44
135,214,100,92,96,42,44,92,47,214,100,92,92,221,44,131,40,110,92,92,221,214,110,177,100,92,47,221,44
76,100,40,110,206,110,206,76,100,177,119,105,221,206,76,110,45,221,19,109,44
165,139,1,234,167,14,100,38,131,165,139,179,59,179,165,186
98,179,167
47,210,42
236,184,107,97,184,192,61
147,36,233,234,16,1,234,112
107,114,20,122,194
165,26,42
167,148
9,7,99,52,119,9,63,104,145,58,117,61,91,94,117,110,94,124,52,37,9,4,200,102,58,9,50,157,94,189,162,94,112,36,105,93,63,43
92,47,47,68,104,162,92,112,56,42,124,92,56,124,92,56,163,74,184,118,235,74,226,250,104,68,115,9,52,99,135,20,196,9,226,250,1,92,98,61,59,84,179,167,250,9,29,25,9,58,254,20,226,250,252,97
133
107,122,116
57,24,1,110,57,26,101,118,116,85
9,1,154,240,195,58,195,71,27,247,170,220,174,3,232,16,29,169,138,131,27,146,253,127,133,8,114,118,172,155,190,49,56,91,139,47,110,188,110,177,214,229,212,9,240,135,92,106,94,30,243,94,87,151,210,223,9,4,156,114,85,186,60,127,53,14,9,36,94,102,111,114,94,206,87,194
233,190,199,197,1,92,97,61,91,38,104,124,38,190,93,59,234
211,61
48,250,51,63,40,58,17,211,252,36,145,117,61,91,17,211,124,51,42,93,58,250
98,48,80,199,116,22
135,214,45,48,129,94,92,124,47,94,202,44,40,92,40,214,207,110,45,62,92,41,45,50,217,51,207,43,110,43,206,60,45,44
94,45,47,111,94,102,36,118,79,147,36,17,112,48,112,197,212
1,73,227,91,104,92,45,100,112,19,109,135,53,42,58,255,87,124,1,94,124,45,45,94,112,19,109,59,58,76,50,61,91,7,94,124,32,32,32,94,19,109,36,87,93,93,59,68,118,104,194,44,1,49,105,59,92,45,106,44,118,116,194,44
94,47,92,92,94,42,44,26,197,1,92,47,42,102,194,59,58,1,92,92,112,59,36,89,199,175,44
92,46,16,116
50,48,139,1,174,51,42,44,2,91,135,49,57,45,215,92,124,52,221,52,42,92,124,43,215,44,92,124,49,57,45,92,124,43,44,92,124,49,57,221,92,124,43,215,44,44,93,53,143,233,135,52,45,135,100,43,94,124,32,32,94,109,135,43,34,109,1,234,42,116,44,59,110,53,148,40,51,50,92,124,49,53,221,45,109,51,47,175,44
49,112,45,199,118,2,151,92,49,54,42,58,48,43,36,86
26,1,110,83,58,73,42,102,118,73,206,26,110,152,74
1,233,206,1,234,129
135,92,35,51,42,43,50,47,50,40,1,19,109,59,19,109,41,1,1,63,42,59,151,59,1,63,40,44
52,42,58,8,221,44,40,207,52,42,110,45,132,92,47,221,110,100,131,92,92,221,43,44,41,207,56,42,131,134,45,63,40,215,92,124,55,221,207,42,92,124,43,215,92,124,58,50,221,50,45,19,109,199,207,42,36,43,215,11,149,11,164,32,124,139,207,42,92,124,43,44,44,44,41,44
11,18,110,182,79,190,114,142,58,102,61,21,8,245,84,105,129,37,138,246,122,119,19,28,11,135,63,43,139,49,56,47,1,1,206,42,59,151,109,207,40,215
199,1,234,110,221,206,76,132,218,36,43,38,131,59,36,74,118,19,109,19,109,175
76,58,233,40,38,132,234,92,47,221,44,41,216,190,175,44
91,206,40,8,206,42,44,41,124,207,1,8,42,207,217,19,109,59,206,14,197,175
92,49,54,42,58,48,43,86,49,36,40,110,27,14,2,215
165
197,34,118,28,68,1,104,179,59,63,63,19,84,74,118,179,36,77,1,102,181,59,97,63,102,68,85,226,36,18,208,65,87,253
91,123,49,214
40,92,124,110,42,92,43,43,206,110,45,45,19,109,44,41,92,124,42,135,43,19,109,174,43,206,100,131,45,44
40,164,43,111,110,2,105,58,206,45,112,44,206,40,92,124,58,206,221,112,44,41,41,92,111,58,206,45,112,44
140,61,91,132,94,92,96,47,94,42,92,124,58,254,43,112,44,132,51,42,92,96,42,92,124,58,254,43,112,44,124,78,51,42,236,58,92,96,42,135,112,44,135,42,92,124,58,254,43,112,44,140,94,92,96,47,94,42,190,199,92,124,58,254,43,112,44
129,58,133,131
204,235,236,235,36,235,130,100,43
18,197,108
43,172,83,172,83,172,83,43,43
210,39,38,131,234,23,59,194
94,32,42,33,94,92,33,19,154
245,212,20,118,104
40,58,214,197
214
25,63,208,131,20,39,204,190,199,90,58,85,227,59,116,151
58,28,84,74,118,179,115,50,78,152,49,63,34,227
58,179,36,118,179,74,115,212,78,116,131,61
40,120,124,94,43,45,45,94,42,92,43,43,44,50,40,206,40,110,137,120,43,167,91,94,124,32,32,94,124,94,124,35,35,94,93,214,41,92,124,44,41,41,94,43,45,45,94,42,92,43,43,44
165,37,58,52,60,63,165,148,142,3,42,52,9,5,180,191,107,161,9,47,36,105,43
94,92,94,92,92,118,92,145,54,92,138,94,118,145,54,138
30,131,131,39,239,39,131,52,186,59,7,42,61
27,37,179
164,32,96,109,42,135,112,44,164,47,32,19,193,42,135,112,44,94,32,47,92,92,94,119,36,158,102,175,174,92,47,86,92,124,112,164,32,124,43,215,197,215,233,94,92,47,92,92,94,119,36,158,102,194,135,112,244,135,214,215,135,214,244,44,234,184,44,44,94,92,96,96,47,94,42,135,112,44
140,68,107,47,135,112,42,135,43,250,92,47,119,36,132,158,102,92,79,112,92,79,74,194,135,135,100,86,250,107,92,135,112,42,250,252,63,48,60,14,28,84,118,151,175
40,92,92,110,131,217,206,218,92,124,92,47,110,131,218,206,217,198,44,41,92,79,45,63,45,44,40,92,47,110,131,218,206,217,92,124,92,92,110,131,217,206,218,198,44,41
94,92,100,43,91,78,80,93,94,0,156,67,168,94,45,32,61,61,94,17,36,105,36,73,42,17,104,59,19,154,58,76,92,96,42,215,134,215,44,36,44,134,44,215
77,1,7,15
118,179,212
9,4,69,29,128,90,20,248,139,252,222,100,66,96,147,67,9,51,47,1,194,234,36,221,38,131,235,44
91,45,132,92,124,42,214,43,92,47,42,44,124,45,92,92,42,214,43,92,124,42,44
107,176,50,118,202,194,44,52,152,73,58,233,51,60,63,52,202,73,177,68,52,47,211,255,166,47,211,78,255,58,52,48,48,47,211,11,3,43,160,249,94,11,56,139,118,132,234,202,116,50,198,55,37,55,177,134,119,36,158,102,11,209,144,123,11,52,139,234,202,116,50,56,43,26,74,55,157,1,1,83,50,217,59,194,59,175,44
51,94,124,37,32,124,37,37,94,45,51,47,19,109,118,19,109,175,11,3,206,252,8,79,128,11,98,55,157,223,1,164,111,32,36,105,59,37
164,88,32,42,17,104,58,40,215,197
0,68,136,97,63,43,58,233,155,1,234,146,110,137,97,146,43,50,62,59,65,59,151
0,63,43,204,155,34,201,118,146,50,157,132,118,179,253,59,151
135,42,8,43,135,28,199,197,175
8,221,82,176
204,104,116,155,70,39,133
210,197,194
11,209,144,123,11,52,139,50,56,43,180,48,112,63,132,105,43
237,65,184,227
132,98,151,48,165,86
165,126,177,114,253,63,249,47,22
18,75,18,75,61
107,13,94,91,59,44,94,89,179,58,244,192
102,94,58,39,46,32,94,102,248,127,98,50,157,192,50,157,28,84,7,147,254,156,36,254,112,255,74,87,28,84,248,127,98,50,157,94,58,39,46,32,94,102,192,179
238,85,39,184,61,110,190,3
197,170,17,210,157,118,179
36,153,190,1,58,0,204,42,146,148,59,82,58,207,7,36,132,36,34,36,148,58,208,43,17,36,42,7,45,36,76,117,36,101,42,59,179
45,42,179,43,99
182,234,243,38,131,165,138,59,61,39,59,76
157,68,58,76,17,58,233,210,202,118,115,250,96,234,210,152,118,115,118,197,250,252,102
0,189,118,76,38,131,68,1,50,62,59,65,36,190,3,91,120,124,117,233,93,59,15,104,50,61,91,234,124,117
181,91,49,74,124,103,204,145,131,183,32,32,35,32,109,97,105,110,32,112,114,111,103,114,97,109
7,24,223,36,49,57,114,223,34,58,179,206,36,45,58,233,52,148,119,51,158,102,58,179,234,36,45,87,102
94,58,113,112,42,94,58,113,112,42
48,43,231,205,103,71,32,32,35,32,109,97,105,110,32,112,114,111,103,114,97,109
100,104,45
107,5,58,17,1,243,59,179,192
25,238,208,205,132,131,118,253,58,146,148,32,32,35,32,109,97,105,110,32,112,114,111,103,114,97,109
240,51,118,129,253
0,94,6,129,32,26,163,32,12,161,32,8,149,32,6,249,32,212,243,219,146,32,86,105,111,6,11,32,137,161,94,210,223,58,94,32,180,19,94,43,44,164,137,161,226,91,120,124,134
40,110,58,237,91,209,112,112
140,76
107,80,115,53,152
0,63,110,101,83,85,76,165,61,59,151
47,55,48,47,154,131,92,42,42
185,39,116,49,61,59,102,49,74,253
39,102,179,18,208
58,161,73,58,255,47,43,17
49,57,138,78,57,37,132
0,63,43,181,59,151
42,100,236,161,51,43,211
91,26,63,40,245,42,114,41,116
1,49,220,42,131,114,197,59,102,85,63,132,105
67,245,221,82,58,233,56,48,62,91,234,166,45,213,78,124,48
121,61
237,236,184,61
253,63,146,47
107,66,135,92,96,57,26,151,198,20,210,58,233,1,104,236,250,234,1,104,236,59,251,145,234,36,105,61,91,124,134,59,59,39,59,135,118,112,179,199
107,114,20,236,184,61,32,32,35
40,110,168,91,207,92,96,42,44,124,55,92,124,221,207,42,206,244,244,110,51,148,133,91,52,244,93,207,202,44
30,131,42,39,83,165,83,20,61,59,104,36,47
94,7,185,32,173,183,32,77,117,109,109,121,32,18,1,112,97,32,18,1,109,97,94,210,94,32,202,221,94,43,1,51,40,94,32,100,111,111,94,54,42,43,44,41,92,33,43,44
107,97,107,97,91,124,137
108,121,111,97,108
108,121,111,97,120
94,200,166,207,107,190,94,58,3,0,102,235,92,35,212,147,22,228,160,49
107,72,58,94,115,116,114,105,110,103,94,68,255,255,201,102,179,118,100,179,113,187,166,202
107,72,19,94,115,116,114,105,110,103,94,68,255,255,201,102,179,118,100,179,113,187,166,202
117,166,55,204,73,34,10,179,67,36,51,237,235,10,42,67,205,235,236,43,10,187,96,34,118,236,7,10,67,187,131,17,17,179
67,7,221,67
210,69,179,228,92,47,106
9,87,105,9,11,87,105,11,94,87,105,94,87,105
1,63,28,84,118,150,45,208,179,161,59,181
28,83,39,179,2,59,116,32,32,35,32,109,97,105,110,32,112,114,111,103,114,97,109
121,197,74
98,1,151,83,55,217,118,142,15,59,102,212,140,49,112
164,19,11,58,75,58,201,102,179,36,138,83,50,202
1,172,1,165,223,59,66
172,69,40,110,107,54,139,170,51,50,177,92,48,42,112,52,157,92,58,106,44
123,131,215
26,240,1,53,79,32,32,35,32,109,97,105,110,32,112,114,111,103,114,97,109
140,52,42,63,213,45,235
208,63,190,43,235
164,4,11,58,75,58,201,102,179,36,138,83,50,202
51,48,58,40,107,27,223,43,58,8,221,44
67,179,235,49,49,37
248,101,100,52,48,52,129,26,1
187,101
82,28,84,82
57,24,196,1,63,191,59,85
107,80,115,53,152,20
123,58,107,91,19,111,124,243
26,13
49
179,53,42,132,25,55,37,232,190
1,207,186,206,42,179,129,44
1,208,161,197
43,207,36,114,39,207,187,101,58,73,226
40,110,72,167,91,119,124,206,74
30,39,75,190,190,59,202
39,98,185,118,116,74,170,51,61,36,118,23,65,3
210,1,107,5,20,76,202,59,179,197
189,118,180,102
123,58,184,226,124,184,43
123,184,226,124,109,58
27,131,151,83,115,49,112
0,102,103,101,59,201
67,58,17,131,168,91,161,210,167,14,197,175,124,168,14,197
40,135,112,239,51,108,1,67,7,209,221,220,58,172,236,62,91,51,50,93,59,67,179
121,82,89
197,18,192,63,184,146,47
156,36,58,91,94,0,2,32,94,112,74,58,190,168,91,7,135,36,198,124,164,44,32,106,93,124,96
94,78,66,77,94,75,197,40,110,47,170,132,110,43,31,215,96,179
1,233,107,13,1,234,118,61,59,58,118,97,84,104,68,233,26,48,112,179,52,47,209,105,84,104,43,234,34,59,7,18,100,49,57,46,48,53,42
7,95,33,132,40,215,209,43
49,55,83,239,211,48,11,207,209,141,70,50,11,42,11,133,74,209,89,46,186,196,251,148,180,93,117,121,11,83,52,157,156,17,89,211,36,111,190,74,67,151,187,240
104,107,100,99,2,58,91,107,114,92,96,43,63,70,2,63,104,92,96,61,14,17
75,126,47,90,39,115,227
123,124,110,7,233,36,13,210,40,234,15,250,41,252,110,104,138,58,110,199,116,62,110,104,40,251,96,41,125
115,102,170,26,227
159,1,63,107,5,118,20,84,45,140,103
0,107,184,50,157,107,60,74,40,110,111,41,59,201,2
76,194,118,196,245,74,148,85,1,118,26,58,63,102,36,13,59,39,1,184,226,59,65,59,76
30,39,233,26,51,143,39,243,42,179,234,61,59,141,59,63,105
94,1,175,196,232,32,67,114,222,30,32,1,16,33,94,107,104,92,33,43,137
153,39,179,165,61,59,118,76,103
75,39,18,208,59,116,205,47,161
48,112,92,58,16,211,90,7,7,58,233,225,74,179,50,52,37,234,34
9,2,94,9,187
123,92,65,214
57,32,57,57,74,214,57
98,197,56,157,197,82,118,66,67
173,139,67
180
85,196,1,179,206,36,99,59,65
0,204,43,42,53,47,45,59,100,82
123
50,13
94,92,100,33,43,94,49,19,154,92,33,92,2,86,197,187
98,131,51,138
52,107,65,42,115,175
94,58,113,112,113,94,58,113,112,113
94,58,113,112,113,94,58,113,112,113
28,84,118,115,28,84
67,151,98,170,133,91,48,74,93,66,94,65,67,71,84,94,139
18,208
24,1,24,29,115,59,102,36,105
26,197,51,40,118,26,102,41,197
75,39,50,108,118,179,206,118,99,97,2,59,116,76
1,26,29,59,102,63,79
58,235,43,107,76,36,192
36,40,110,91,234,217,233,207,124,132,93,58,8,42,207,217,234,14,197,44
115,109,121
73,7,197,43
26,58,101,253
107,155,43,123,58,107,155,62,124
50,52,25,54,48,25,201,1,1,83,50,217,135,48,86,59,92,58,106,59,58,63,145,131,105
117,65,117,65,117,117,65,114,118,5,118,3,179
245,179,201
191,197,90,40,110,7,183
26,58,118,26,90,1,7,118,34,59,102,50,157,39,208,179,206,208,61,59,118,74
208,194,39,190,168,59,39,18,208,65,59,58,91,161,211,118,74
26,50,143,118,112,39,208,147,179,61
107,108,107,108,168,168,107,108,168,168,107,87,115,187
179,85,196,39,136,63,182,137,58,168,91,110,76,124,138,93,59,63,227,59,104
0,98,15,66,23,59,152
0,98,151,49,49,99,2,59,152,116,98,197,49,74
7,33,132,40,19,98,43
43,123,165,223,2,124,131
58,213,43,25,58,213,15,118,244,100,36,25,58,118,43,133,43,50,40,197,19,109,28,84
76,132,107,40,42,115,89
139,76
238,1,196,59,102,85,39,206,226
51,13,121
40,115,19,101,82,102,179
191,243,90,40,110,7,183
196,118,75,102,20
37,50,49,43,83,206,42,133
50,157,82,102
26,208,28,8,39,179,63,61,59,116,197
178,131
94,134,30,32,130,245,32,73,110,32,65,32,68,111,196,168,44,32,197,217,33
194,182,76,59,39,18,208,65,59,82,104
75,184,90,1,151,76,59,63,76,99
107,97,94,97,94,107,72
123,44
159,1,207,110,126,105,206,112,183
26,151,179
94,72,72,101,101,108,108,108,108,111,111,44,44,32,32,87,87,111,111,114,114,108,108,100,100,33,33,94,161
92,94,32,135,94,72,72,101,101,108,108,108,108,111,111,44,44,32,32,87,87,111,111,114,114,108,108,100,100,33,33,94,161
50,5,54,42,134,221,214
164,1,175,94,19,19,44,32,8,149,32,220,187,33,94,34,194,50,13
132
107,40,20,107,40,19,111,91,116,107,100,92,40,43,36,99,107,40,36,105,124,92,40
75,126,190,39,65,65
164,40,41,36,118,79,181,57,24,92,41,74,63,116,99,5
73,46,100,73,58,250,107,70,42,8,117,250,187,46,83,199,190,52,50,102,7,205,43,42,253,252,74,179,67,19,154
148
1,91,190,120,43
190,48,74,181,63,212,140,58,49,57,231,232,2,63,184,227,87,97
116,36,101,116
94,50,53,47,110,58,40,91,124,101,187,187
94,50,53,47,36,110,58,40,91,124,116,144,187,187
132,69,25,182,98,179
28,83,190,1,179,167
156,47,1,92,58,47,1,22,1,92,45,47,107,181,13,211,7,155,59,102,59,7,201,59,102,50,157
210,1,65,179
107,118,42,107,86,42
159,196,223,73,104,245,78,31,77
238,63,160,118,101,102,164,14,180,99
160,184,42,28,13
196,118,19,196,28,102,39,76,206,61,59,39,198,181,59,118,104,1,205,76,253,119,74,59,128,199
0,131,206,24,110,28,201,1,160,131,101,179,59,63,99,59,151,131
67,171,45,179,166,61
204,247,107,43,105,69,205,104,116,164,40,93,102,61,43,7,114,253
164,26,133,9,87,224,184,253,244,9,17,240,223,34,194,214
247,69,63,225,151
159,242,24,28,150,118,115
118,76,58,132,36,180,133,42,97
0,102,22,197,75,198,205,116,103,49,61,65,59,152,116
0,102,184,22,180,184,75,118,128,49,61,253,59,152
67,58,49,50,37,219,151
237,236,115,185,118,116,151
197,66,36,66,114,190,1,98,63,76,18,90
159,249,197,90,118,228,158,102,180
56,58,201,49,56,118,138,248,61,43
18,100
102,58,24,189,13,1,147,118,236,36,235,112,59,102,179
58,67,204,115,76,58,132,233,37,197,40,58,234,110,34,191,110,234,34,36,90,7,136,7,183,137,7,183,38,132
75,39,63,126,13,102,227,59,168
118,239,253,39,28,117
0,83,238,211,85,23,179,63,61,110,23,3,59,151
50,40,210,1,1,58,8,99,91,174,49,86,93,59,194,59,231,118,151,41,179,174,20
18,185,58,18,75,118,18,81
107,52,39,23
67,57,54,45,107,114,206,202,36,118,139,179
194,1,98,198,115,58,160,227,59,179
160,45,140,90,245,116,155,102,121,189,13
1,63,61,84,184,90,59,85,28,102,182,104,59,118,116,63,197,36,191
25,63,40,170,132,205,223,223,126,191,150,233,40,110,234,183,41,41,58,204,205,71,103,150,87
2,91,49
253,39,63,159,43,63,186,65
164,91,93,20,19,138,2,91,12,42
75,184,90,182,228,177,59,104,8,89,194
160,26,28,150
107,97,11,1,91,2,139,42,132,3,216,67,164,198,147,54,228,79,210,61,103,156,79,61,68,11,94,45,46,44,94,139,22,192,107,100,53,26,92,46,42,53,25,197,45,58,1,164,46,45,184,192,59,74,192,194
92,76,214,123,164,111,108,214
40,113
235,204,197,235,191,191
51,28,201,39,179,63,71,61,59,182,7,195,177,95,177,43,59,104
51,28,201,39,179,63,71,61,59,182,204,71,103,45,59,104
63,26,1,58,101,59,253
53,63,40,164,44,32,106,67,41,202
159,28,83,223,126,191,196,223,90,40,110,7,183
47,36,131,188,199,116
189,118,190,102,63,189,39,168,59,102,195,74,74
196,182,118,61,85,118,84,118,212,102,179,59,104
75,118,150,60,181
189,118,159,102,43
75,48,112,199,205,198,118,253,1,63,60,65,59,164,115,100,102,42,39,59,94,117,3,164,32,94,43,58,91,94,73,116,39,115,32,97,32,37,132,6,33,94,36,179,37
65,84,121,36,96,245,235,31,77
75,1,116,79
71,43
40,83,67,102,151
67,133,151
49,119,63,40,58,212,179,112,180,41,212,212,179,49,4
1,85,201,118,181,59,181
45,0,91,118,120,110,76,74,71
49,55,161,58,233,132,51,52,234,100,45,161,58,136,43,234,84,49,55,43,137,45,51,52,234,100,43,161,100,45,161,100,43,49,54,47,83
50,53,186,91,49,54,124,52,93,186
123,131,68,115,226,124
49,36,40,132,238
0,240,76,206,61,59,152,116
40,0,252,204,246,212,140,116,110,177,99,252,110,99,5,2,59,151,215,250
108,118,71,103
184,43
235
76,51,47,204,202,152,73,7,255,45,140,165,37,227
247,1,1,59,227,59,65,245,28,102,149,76,131
245,76,28,90,102,103
48,215,123,33,215,78,215
67,179,36,76,186
183,207,111
11,1,85,142,247,114,252,216,29,49,75,249,159,240,151,140,222,113,54,163,0,130,15,235,217,5,2,156,9,88,178,254,113,230,91,62,213,231,0,120,228,201,91,19,140,157,47,104,65,104,60,5,84,250,235,234,87,110,87,85,12,220,29,96,83,217,246,97,179,219,246,19,31,122,181,99,1,7,97,11,165,83,139,50,50,47,175
178,26,153,39,187,179,49,61,59,116
121,50,13
92,124,54,42,194,94,38,94,8,54,42,43,30,94,2,221,32,11,171,94,58,210,82,118,102,7,52,26,100,55,43,164,45,96,102,52,202,42,36,43,43,74,164,32,124,184,209,43,43,7,94,35,35,35,37,36,94,30,164,156,207,37,92,35,50,49,42,87,19,185,175
0,69,69,131,23,59,53,152
115,17,197,179,61
246,184,61,246,17,104,149,76
77,84
85,58,160,227
9,1,20,228
9,1,20,228,10,94,1,20,228,10,94,1,170,228,10,94,11,170,228
253,118,246,85,76,71
0,45,91,118,120,115
28,201,238,58,133,100,61,198,15
0,73,140,91,118,120,212,140,179
15
115,208,197,147,179,61
107,54,20,61,91,49,112,72
109
165,202,58,118,221,58,233,118,118,246,234,221,63,132,42,131
103,45,58,71,47
153
58,132,34,42,7,197,61
107,97,196,151
204,237,211,18,111,36,99
246,96,43,84,248,10,188,202
126,23,51,143,39,7,42,43,63,61
107,8,58,92,40,43,51,51,42,92,249,43,187,131
212,140,60,49,74,84,104
107,104,92,33,43,216,175,94,73,95,94,73,95
123,58,164,196,232,235,226,124,97,65,91,94,78,111,44,32,0,15,32,3,198,32,37,33,94,11,7,145,11,50,49,223,43,37,44,124,94,72,117,104,63,33,32,30,235,32,117,112,44,32,17,192,110,121,33,94,44
19,193,174,43,30
107,97,102,169,26,42,179,61,52,50,42
28,157,196,223,106
28,111,28,30,90,1,104,197,50,202,197,110,116,112
235,212,48,60,179,131
9,4,44,72,238,200,193,44,132,207,138,11,200,136,124,32,101,8,9,210,58,63,145,11,237,132,242,114,36,11,102,190,43,191
107,72
23
48,52,34,63,40,68,116,27,36,70,179,74,41,105
52,53,208,131,100
28,83,118,115,63,85,153,36,70
197,75,82,197,61,118,84,118,14,104,102
237,4,40,104,110,92,43,43,82,110,158,58,58,119,115,61,14,250,41,252,179,116
94,91,95,92,119,46,44,63,33,32,45,93,94,202,76,164,63,33,19,66,63,202,76,49,62,63,210,1,94,91,65,45,90,93,94,110,202,76,49,62,59,97,63,92,46,79,51,62,63,92,44,79,49,62,87,97
119,82,104
11,160,163,34,32,51,250,236,67,191,182,8,133,191,11,107,80,139
160,236,191
11,138,165,172,245,115,14,143,230,166,192,229,67,249,246,96,201,36,1,182,34,161,165,116,198,6,134,72,3,43,40,183,102,222,227,179,249,100,84,143,73,133,131,11,107,112,139
229,246,36,34,116,134,43,102
92,73,73
28,30,1,194,118,196,59,102
76,25,1,63,102,110,152,151,58,104,211,91,211,124,51,93,18,208,136,63,102,202,151,58,104,211,91,211,124,51,93,18,208,137,3,59,97
131,204,26,25,201,208,118,151,211,99
1,180,28,244,59,179,180,190,58,71,47,42,210,8,42,175
28,83,1,103,110,76,42,59,71
249,1,135,118,226,84,103,73,59,103
94,32,73,44,94,32,73,44
107,72,48,107,72,32,129,178,178
28,70,39,72,107,100,20,211,23,59,105
246,205,43,45,223,100,49,49,188
246,7,205,43,45,188
231,140,118,84,58,118,168,36,212,140,50,60,74,65
104,58,78,34,70
67,179,167,94,6,238,20,138,94,17,105
248,157,102,43,49,50,37,131
67,51,139,118,151,53,18,90,175
190,92,124,118,79,65
249,39,208,34,198,181,59,105
27,1,65,14,235,59,151
26,92,124,42,92,92,63,26,221,36,89,118,19,77,19,185,176
52,26,225,118,83,52,26,100,131,42,174,43,52,42,175,249,176
100,8,42,165,218,8,112,49,52,101,58,34,8,49,50,42,112,30
153,118,235,36,99
235
63,108,198,199,63,110,152,227,41,151
98,49,79,167
132,57,37,131
67,171,37,204,179,76,186
179,100,186
1,101,59,253
179,17,63,103,45,54,224
94,103,68,75,75,78,94,92,42,107,80,42,74,107,80,42,94,32,119,94,74,94,78,81,75,67,90,94,107,80,42,74,78
28,70,202,253
196,118,28,42,28,102,36,99
28,70,51,108,40,58,110,164,43,61,89,179,221,44,110,104,76,131,43
194,126,28,117,115,104
158,231,118,103
133,179,132,140,142
160,45,28,117
25,28,201,196,39,212,58,102,84,108
11,177,234,11,169,139,50,63,11,19,228,181,11,172,139,158,193,102,94,124,95,47,92,46,94,139,92,96,43,176
52,40,51,54,169,118,86,176,249,82,41,179,50,79
26,131,58,201,182,228,101,59,202
196,39,212,65
98,244,244,66
49,78,136,96,97,94,92,100,43,94,63,0,137,96,97,49,43,136,96,97,94,92,100,43,94,63,202,211,115,137,96,97,32,105,83,59,19,154
22
247,73,140,91,118,120,243,93,191,244
94,113,85,69,117,101,100,94,113,85,69,117,101,100
28,112,39,26,249,36,37,49,145,235,61
107,65,182,63,235,110,79,22
63,48,227,63,48,227,5,63,63,227,5,63,63,129,42
90,102,48,16,7,95
78
210,39,236,147,104,92,104,226,36,104,92,115,61,3,59,58,27,58,118,145,85,191,170,54,62,55,42,202
147,36,78,112,66
11,103,116,87,149,160,211,108,44,209,229,231,221,161,197,195,30,42,34,67,138,49,220,24,118,64,184,11,107,97,107,100,43,139
58,238,39,206,108,59,1,206,90,1,181,59,97,14,110,59,126,141,104,145
98,52,118,138,58,179,43
228,230
100,190,63,145,131,202
94,191,121
107,97,121
107,106
172,1,206,43,172,37,67,59,85,39,107,66,194,20,227
179,52,148,36,45
51,139,50,60,65
0,91,147,1,116,59,74,44,190,1,199,59,120,134
67,150,67
100,132,249,161,210
74,42
91,194,76,124,49
51,36,101,36,69,148
136,24,1,137,177,130,69,59,179
178,98,49,79
133,91,84,131,124,17,41,191,50,145,235
207,135,9,69,162,98,63,54,184,9,206,208,18,139,54,148,83,132,94,186,194,97,32,6,180,46,94,87,151
49,158,123,58,179,112,156,44
11,64,239,43,200,168,101,219,85,87,155,58,226,55,159,149,122,136,61,11,94,124,32,96,94,139,165,47,51,47,139,231,175
40,158
158,151,44,236,40,76,206,132,42,36,83,218,214,44,41,142,91,158,151,44

244,151,211
19,197,76
11,147,173,229,21,11,102,197,139,179
50,108,118,228,62,28,198
0,100,219,91,131,120
28,83,153,39,102,206,227
25,206,208,26,18,102,206,37,70
50,108,1,118,104,181,206,158,110,116,99,59,179
212,213,189,118,76,49,112,180,50,108,118,228,155,132,191
212,213,189,118,76,48,112,180,50,108,118,228,155,191
235,50,108,118,228,60,28,198
98,179
25,69,100,51,148
98,197,66,208
212,190,170,206,202,227
118,145,58,160,43,36,105
18,192
0,131,68,168,36,51,99,5,91,120
240,49,220,253
84,180,118,168,179
51,157,231,92,96,28,199
67,173,138,248,182,37,133
100,37,177,207,177
247,148,131,42,114
155,58,208,179,36,179,208,177
26,246,60,91,42,124,148,93,82
43,155,228,45
50,161,148
247,212,151,211,191,179,43
115,209,103,61,191
26,101,39,207,62,59,104,177
123,58,150,52,226,124,49,56,1,51,32,54,114,223
98,17,46,138
85,118,104,28,117
92,70,58,27,192,71,26
207,160,98,58,231,76,18,90,192,102,56,157,82,56,18,90,82,118,66
247,67,52,37,28,127
160,92,39,118,193,92,43,106
212,213,189,140,181
76,73
26,20,118,85,118,76,61
118,84,58,159,177,102,71,233,31,50,243,234,244,234,100,131,202
27,58,159,190,199,199,246,107,118,70,31,77,189,118,104,151,107,97,11,6,15,137,2,25,111,185,32,209,34,169,91,141,48,177,200,148,58,172,12,141,139,115,102,181,138,136,29,148,250,193,242,155,216,19,221,36,218,254,73,172,232,244,207,101,193,72,98,155,164,49,76,11,11,1,5,79,11,139,67,192
132,165,155,39,240,189,118,76,146,142,110,184,61,3
27,165,152,39,27,131,187,101,58,211,61,97,110,184,61,3
166,26,175
11,32,51,74,20,107,156,170,117,82,11,173,139,50,48,47,52,49,158,102,153,28,155,39,179,206,61,59,104
1,107,65,102,55,202,50,243,58,51,202,92,39,118,74,74,110,18,105,105,110,18,105,131,18,144,52,47,34
0,98,12,132,138,63,61,59,151
160,196,182,233,206,1,234,36,118,145,59,28,47,52,37,179,59,104
100,40,231,1,207,112,207,74
240,58,52,60,221,253
165,26,190,9,3,57,167,9,102,74,9,2,163,67,9,201,118,151,164,106,106,102,74,26
1,48,99,49,50,42,110,76,43,59,58,50,54,99,91,50,54,221
107,65,52,202,107,95,190,199,92,68,111,201,94,49,70,48,94,118,112,72,67,28,223
166,1,54,223,54,223,43,59,185
153,198,115,189,126,190,118,104
182,53,105
196,39,160,45,140,206,224,65
1,63,61,84,212,132,224,65,59,65
115,196,182,212,53,37,205,181,22,59,116
132,31,50,91,94,32,32,91,32,45,32,96,96,32,94,208,223,124,135,50,45,93,92,124,112,59,164,124,32,109,52,45,17,74,92,96,52,42,112,19,109
44,190
123,40,1,245,246,247,0,64,18,187,15,69,39,182,19,28
94,73,94,73
65,179,133
50,40,132,18,102
57,26,30,40,57,110,45,73,110,26,30,74,151,44
157,82,18,90,82,231,198
157
228,47,28,30,42,211,131,28,30,47,39,206,228,47,60,59,104
98,56,18,90,102,206,76,98,76,157,118,66,222,132,191,179
49,94,73,36,117,63,91,78,93,43,112,94,73,36,117,63,91,78,93,43,112
11,49,114,75,195,56,11,94,45,49,50,94,139
11,185,31,63,11,208,131
160,90,19,100,196,1,189,118,76,50,108,118,228,62,65,59,71
107,206,19,108,58,91,9,56,56,9,112,124,96
240,204,76,104,101
28,70,145,132,18,102
107,103,47,154
50,241
28,70,145,131
107,97,58,160,54,43,107,105,148,199,57,74,151,192
235,92,96,42,92,124,63,221,239,63,56,42,186,92,96,188,92,92,63,131,221,180,197,49,246,92,45,188,31,77,7,96,92,118,87,19,153
94,92,124,124,94,30,42,94,32,95,32,47,94,112,94,47,32,118,94,74,194,53,157,175
50,48,166,155,182,206,36,47,58,49,37,36,133,49,61,43,179,59,104
164,40,41,54,42,49,53,18,73,151,92,46,49,193,17,7,36,164,124,92,112,36,94,124,58,92,92,94,112,34,52,51,18,73,49,54,152,55,26,197,157,118,151,164,92,58,109,118,112,164,92,96,109,74,74,92,124,118,74,74,49,50,217,175
179,8,50,52,54,48,19,95,249,118,158,1,231,198,59,102,19,185,175
92,124,61,58,231,48,118,16,28,102,222,36,50,108,1,28,155,228,60,84,131,59,102,50,157,118,228,155,34,118,118,76
197,36,192
11,82,161,85,239,56,120,4,57,128,143,83,149,9,43,189,249,246,232,54,45,125,104,225,107,157,232,147,87,233,11,94,47,32,96,92,44,94,139,22,19,149,175,19,77
118,104,39,184,34,1,233,207,39,104,234,227,59,104,116,59,115,206,115,227,59,118,115,85
210,1,147,244,112,59,194
197,220
53,60,91,26,124,194,182,49,107,17,100,206,76,244,74,51,74,118,145,115,59,116,197,31,50,131,58,233,94,101,38,97,94,102,74,234,58,92,38,34,234,9,99,98,124,9,34,194,87,147,105,59,93,102,194,214
182,206,205,60,37,59,104
199,0,38,131,94,100,116,83,90,94,36,99,2,234,42,59,186,50,108,58,104,104,112,39,27,107,118,92,64,74,36,118,99,151,211,49,61,59,116,102,151,189,118,104,151
50,108,1,179,110,51,118,143,231,118,228,45,118,151,118,5,17,112,59,102,126,31,61,211,85,227
8,51,24,100,206,27,18,102,131,19,3
94,80,111,118,58,10,94,11,200,188,159,242,8,195,60,176,74,154,252,11,11,1,184,125,193,225,22,36,237,74,169,112,30,119,106,11,166,100,139,67,139,54,47,11,219,179,153,11,53,49,139,165,42,247,206,76,62,145,117,74,104,105,19,77,51,94,0,13,32,14,182,32,94,221,63,76,94,32,111,110,32,2,220,11,170,94,87,151
107,97,9,1,71,173,165,50,244,118,152,70,213,26,70,41,237,114,84,9,192,197,227
68,174,63,135,87,151,30
107,45,11,62,120,87,1,111,52,19,170,61,11,98,55,157,58,63,104,105,78,36,50,158,253,118,231,118,118,228,45,63,83,50,108,211,191,74,102,118,79
135,61,15,179,50,79,23
131,17,26,253,118,103,58,71,36,151,47,118,102,211,118,30,30,191
30,30,63,76,50,52,54,48,19,3
8,11,32,190,178,11,19,3
238,36,111,126,31,61,211,211,39,24,69,99
26,196,1,212,213,212,65,59,179,17,210
118,18,70,92,105,42,231,118,194,197,19,27,118,109,246,92,96,188,117,86,175
98,118,151,48,135,118,86,19,27
204,168,187,205,31,61,197,246,50,152,74,65
216,4,189,118,151,147,36,214,58,199,92,64,188,36,134,112,116,74,151,44
28,160,151,58,159,40,58,104,110,158,214,215,190
8,42,215,63,40,199,110,36,221,215
240,190,168
164,32,35,51,63,132,101,25,51,139,133,118,66,58,118,219,15,191,175
8,51,19,95
91,60,108,97,110,103,117,97,103,101,62,93,40,60,108,97,110,103,117,97,103,101,32,85,82,76,62,41,44,32,60,98,121,116,101,45,99,111,117,110,116,62,58,32,94,60,99,111,100,101,62,94,32,45,32,91,84,114,121,32,105,116,32,111,110,108,105,110,101,33,93,40,60,105,110,116,101,114,112,114,101,116,101,114,32,117,114,108,62,41
159,153,39,63,159,232,63,36,191,204,28,83,212,190,99,59,28,103,76
94,4,128,32,84,117,229,252,37,32,123,1,186,32,14,167,32,37,59,125,94,166,1,26,92,96,36,43,92,44,106,34,59,118,37,175
158,102,153,118,151,211,115,85,105
107,76,70,76
67,24,11,1,245,153,11,42,43
107,97,94,35,202,153,39,40,42,234,156,176,201,162,202,156,201,170,45,46,202,159,48,201,180,50,59,199,171,202,128,234,156,177,62,63,67,68,120,202,143,69,94,67,58,55,48,60,55,51,56,57,42,43,67,192
160,42,179,100,63,179,186
89,73,198,181
210,68,164,0,0,28,73,102,36,76,132,111,58,131,70,222,0,92,40,112,59,86,194,58,92,40,79,92,41,42,74
247,98,19,196,39,189,28,103,190,59,152
37,131,42,132
252,63,40,153
245,205,76,78,130
139
186
166,208,17,1,63,56,34,180,50,51,102,47,131,186,107,70,17,42,179,110,63,139,36,5,59,175
27,58,196,118,180,206,37,118,115,95,79
235,28,216,0,7,78,95,131,87,68,197,208,43,95,179,49,60,105,59,28,90,28,143,73,82,102,105
92,105,111,67,31,112,0,221,179,56,37,55,37,59,97
94,74,17,190,32,253,32,253,46,94,207,142,91,199,233,50,51,52,207,116,99,207,199,116,142,3,91,248,160,67,94,83,253,32,253,32,253,121,46,94,124,248,142,67,207,91,234,94,253,253,119,46,94,124,206,94,78,105,101,32,109,97,32,92,160,215,151,228,221,32,253,253,119,46
49,123,126,34,118,75,102,179,215
104,161,100,233,48,252,183,0,195,184,28,13,45,234,47,74,59,82,73,7,63,167,74,15,95,234,74,58,211,61,74,65
28,30,121,36,58,157,89,102
53,108,4,115,190,199,150,59,103,58,18,139,211,51,43,188
49,46,42,40,92,118,42,44,41,17,40,110,45,92,118,42,214,110,58,100,43,92,62,42,44,41,17,17,25,40,17,92,118,42,63,84,92,62,42,74,110,100,92,62,42,74,58,250,44,41,252,40,251,44
182,167
19,67,199
165,102,11,35,116,199,191,216,11,171,139,24,11,168,178,115,217,246,129,11,248,47,139,43,74,102,49,56,118,143,131,105
180,165,25,118,43,197,102
247,63,112,18,208,151
48,0,63,177,102,49,62,97,59,205,62,60,245,140,130
247,204,103,71,155,232,191
39,63,43,17,63,20,168
31,50,36,58,78,114,190,43,206,110,116,105,118,34,59,28,102,28,117
100,132,26,45,58,160,43,58,233,204,160,76,28,201,39,234,31,233,118,34,28,102,28,117,59,245,71,130
159,197,92,92,36,221,19,109,249,58,73,239,102,76,58,233,78,118,152,36,90,234,63,104,76,235,92,96,42,221,112,175
94,123,34,132,34,58,48,125
11,92,253,11,70,179,54,57,83,42,197,61
35,231
26,180,99
197,61,197
25,184,36,29,48,90,102,202
1,94,46,48,42,94,202,211,19,197,151,19,197,59,179,19,197,118,19,197,151
245,211,0,166,186,52,48,42,131,45,59,149
196,28,30,1,205,168,170,84,5,59,28,83,36,20,104
123,78,215,222,215
19,196,211,39,147,116,155,227
86
76,169,43,118,205,168,170,28,83,63,196,20,141
107,80,135,43,115,49,54,157,175
67,133,1,189,118,180,1,197,61,42,59,102,59,179,121,96,17,210
160,1,63,108,39,199,239,227,59,59,65
107,50,39,28,235
126,168,247,233,206,39,159,220,234,20,59,191,102,116
19,149,67,51,50,45,228,42,57,53,37,51,50,43,67,151
70,2
246,17,211,20,101
55,249,39,102,36,146,110,85,227
0,17,118,120,179,131
197,229,129,197,63,229,129,28,130,177,179
0,98,197,84,118,120
0,38,131,167,234,42,59,186,82,102
1,147,36,89
0,133,100,131,17,101,211,59,191,74
147,116,155,63,212,146,188
197,61,104
121,34,118,212,118,85,102,115,107,181,227
205,43,177,53,99,216,181,5
8
190,199,246,36,47,148
94,76,111,225,131
210,58,180,36,231,104,180,20
71,26,246,63,99,186,1,190,91,104,63,99,3,59,102
28,117
102,67,184,36,115,177,103
239,253
73,7,60,103
174,111,208,175,61
25,36,118,143,198,131
84,26,36,40,151,50,108,187,41,202
164,107,115,57,53,56,67,86,164,112,115,57,54,56,67,86,107,97,9,28,191,11,9,11,49,109,11,192,11,52,245,46,197,203,162,9,220,68,45,176,1,69,137,205,11,169,139,57,52,52,43,67,192
27,237,107,97,29
28,70,99,101
0,179,117,36,101,59,16,102,63,102,28,13
196,36,118,186,118,65,97
118,61,118,84,253,126,28,235,104,245,235,86
1,55,56,102,77,1,7,205,241,79,179,59,59,231,7,131,117,254,180,101,42,180,195,37,48,112
165,165,8,149
233,1,234,104,61,91,38,190,235
194,197,246,82,227,99
158,102,206,20,85
164,111,101,165,192,179,197,194,187,167,18,142,116
107,166,119,247,1,233,63,28,84,131,39,234,177,179,151,125,28,102,85,20,132,118,28,244,179,58,102,71,177,131,42,132
196,1,50,157,118,115,115,59,85
118,151,49,74,189,13,133,151,194,199
247,75,212,7,158
94,40,63,58,39,16,63,39,41,43,94,202,1,190,199,164,39,39,92,39,86
11,126,113,244,58,154,175,11,171,139,180,173,43,98,58,82,74
28,68,63,76,132,244,198
58,231,74,118,19,187,224,102,97
9,5,0,135,9,102,118,79,58,11,84,77,11,169,139,28,13,74
96,38,131,234,68,56,139,151,36,72,87,194
48,119,63,40,58,107,181,36,118,14,34,49,87,102,41,202
178,15,34,23
178,239
24,69,219
205,102,98,51,101,198,50,99
126,213,28,75,118,73,126,181,102,104
18,142
19,65,151,169,26,107,97,192
67,54,43,31,112,101,49,49,37,151,175,51,108,248,20,83,79
165,78,139,151
26,28,83,247,179,63,61,99,92,43,106
90,1,181,91,179,124,71
153,198,39,100,115,63,115,61
235,121,96,115,191
131,51,13,68,211,61,42
245,76,16,42
158,253
199,40,208,52,202
123,110,26,194,44
204,28,129,61,131,42
196,39,197,61
159,249,42,179
204,159,76,43,218,131,211,179
97,1,63,48,112,19,187,180,177
118,159,253,39,63,31,233,105,28,198
50,143,196,1,63,36,40,110,110,197,192,59,85
179,17,204,78,45,253,42,161
144,50,143,1,231,7,197,207,209,183,59,246,206,221,130
132,219
194,39,115,212,49,74,181,59,199,141
26,143,153,197,182,206,118,143,28,102,85,76,59,116
107,54,58,235,230,151,92,95,112,19,66,63,48,19,154,170,58,242,51,177,242,43,218,131,51,47,63,76,52,60,91,50,217,131,124,56,78,118,152,123,58,118,104,48,74,181,124,1,104,48,61,14,190,125,1,168,91,48,112,124,50,202,125,151
235,1,107,95,36,99,3,59,151,51,47,92,48,28,188,151,51,47,56,78,118,152,231,92,48,51,42,58,233,19,108,58,76,50,130,202,234,112,234,112,50,78,152,231
76,107,104,140,202
107,97,107,72,178,192
83,236,51,157,51,218,179,107,54,239,126,118,145,191,179,51,47,4,56,78,152,72,72,50,18,90,50,202,214
28,230,28,120,58,1,216,221,71,78,59,28,77,191
107,54,184,192
28,232
179,153,182,63,221,115,197,59,104
28,216
194,118,76,61,179
248,134,102,158,102,153,85,198,79
196,39,147,179,225
179,17,60,65
194
26,28,8,39,179,63,61
118,76,249,24,253,1,63,34,1,253,74,194,58,118,145,59,181
159,246,63,105,203,118,205,103,71
153,99
118,61,197,28,143,198,65
190,39,63,36,37,100,177,151
208,179,161,63,197,228,47,18,84,34
201
19,196,126,181,118,104
247,75,76,45,191
40,180
0,75,118,85,102,28,117,59,152,116
18,75,85,197,227
245,45,186,1,28,106,133,14,119,59,28,102
118,45,28,186
132,34,1,100,114,164,97,32,42,30,19,185,175,59,7,237,40,110,48,19,188
83,196,39,197,211,61,41,152,116
155,39,11,1,230,38,11,70,83,164,54,57,42,197,61
56,28,216,131,48,106,58,118,42,94,32,16,120,82,94,191
26,197,188,253
26,63,92,118,100,112,187,58,118,118,83,36,102,71,76,218,198,175
24,58,118,221,118,118,83,58,102,28,71,76,217,175
26,58,118,42,36,139,107,100,107,65,74,191,151,58,102,28,71,76,217,175
26,197,225,58,40,215,244
76,28,101,102,65,63,76,84,42,63,102,179,62
118,145,28,198
132,28,112,39,63,99,59,105
153,39,76,131,58,69,132,34,63,20,132,110,179,145,26,59,1,179,74,69,110,213,45,253
139,82,179,197,36,37,207,138
11,59,4,76,11,240,69,58,132,42,253
171,31,42,247,75,205,76,179,31,61,18,75,99
197,42
76,221,180,197,25
229,5
25,238,39,179,23
0,28,106,151,91,28,106,124,118,120,65
102,63,245,76,16,102,132,31,233,40,119
17,126,23,45,23,179

236,31,61,246,85,115
233,246,234,82,191,76
194,165,36,186,118,253,179
0,49,62,91,132,120,126,146,58,142,91,148,124,43,43
236,28,235
0,132,63,43,63,63,45,186,65,59,151,132
49,165,63,40,126,112,41,121,78,89,100,28,82,56,37,50,8,19,3
109,112,49,51,108,164,226,173,132,30,118,99,103
57,39,18,142,63,153,198,99
0,18,142,164,0,2,45,63,99,59,151
182,136,0,102,18,142,137,227,59,194
50,241,58,233,69,47,132,17,69,234,100,131,42
249,50,118,138,79
100,36,29
204,18,112,208,63,58,26,18,102,246,63,177,130,87,150
107,97,102,11,22,213,158,18,155,201,232,2,53,61,20,177,123,136,172,45,234,75,107,155,119,207,244,254,76,208,70,149,119,229,34,226,204,237,131,222,37,240,91,81,179,41,102,189,0,61,87,139,199,156,31,224,132,114,247,124,123,103,244,115,227,130,50,11,49,54,139,48,16,118,180,19,65,43
153,182,179,59,73,104,116
236,42,43,239,209,177,74,239,30,175
178
210,226,91,94,78,97,78,94,124,18,142
196,39,76,161,157,28,68,102,63,227,59,104
196,211,150
107,206,107,118,34,58,26,74,74,228,42,164,14,43,107,206,235,49,193,36,246,164,101,105,106,19,154
194,118,196,28,102,85,118,71,133,179
40,1,104,47,59,147,254,68,34,254,45,255,119,74,1,243,58,104,213,42,93,1,243
39,233,63,1,48,36,98,40,100,110,234,42,221,41,63,61,59,97
18,111,50,78,152,74
75,253
189,19,196,118,118,102
158,28,109,245,181,16
72,164,32,88,139,56,217,175
115,104,17,55,43,206,116,225
31,86,118,47,102,85,126,151,115,175
31,233,158,102
211,179,36,69,37,253,206,217,131,74
75,76
253
187
27,102,104,79,50,60
166,24,18,142,118,104,151
17,104
107,148,208,132
28,120,115,63,145
155,1,39,18,75,61,59,186,97,59,179
160,190,47,118,181,97
85,28,232,104
76,74,76,43,76,74
19,65,179,92,65,53,19,217
212,213,222,189,76,36,14,131
52,186,50,34,63,51,225,105,63,63,63,50,51,42,57,148,87,228,45,55,37
98,197,66
92,43,51,45,52,42,92,124,63,98,49,54,18,90,92,35,42,50,217,25,43,52,157,198,118,34,102,239,118,239,175
94,84,73,45,94,63,52,54,102,105,74,63,54,105,8,226,92,43,42,74
1,132,112,211
189,190,76
197,9,87,150,9,184,192,61
98,185,127,104
50,57,46,57,48,52,49,54,55,55,63,161,47
248,11,63,47,18,101,132,42
197
116
24,31,112,74,211
92,61,42,92,58,19,98,132,43
113
119,74,179
67,179
98,190,66
26,208,179
212,107,166,227
98,76
76,107,13,7,89,36,197,112,42,63,164,16,63,106,202,104
50,36,40,58,132,42,131
26,40,110,102,179,41,87,179
40,28,157,190,199,106
182,98,179,22
49,53,146,206,61,41,152,116
64,102,58,42,124,33,59
132,166,148,131
105
249,83,36,142,91,244
245,167,186,252,119,74,104
180,61,42
166,39,50,99,2
102,186,103
26,184,89,151
39,63,36,79,151,59,71
229,129,61,84,191
102,222,253
94,73,116,39,115,32,37,32,8,146,44,32,153,186,44,32,103,111,32,0,130,46,94,107,135,116,37
94,33,213,130,32,44,129,191,94,94,191,129,44,32,130,213,33,94
184,43,248,54,111,76,151
92,48,100,48,86
18,47,94,0,1,32,104,227,239,21,196,0,172,32,111,102,32,0,8,32,2,158,32,183,236,32,105,115,32,253
28,71
78,34,105
94,34,0,149,32,0,29,32,94,42,164,235,199,235,43,94,32,0,2,32,73,39,109,32,0,170,34,94,63,42,43,190,199
118,194,253,39,102,115,49,50,26,227
180,179
107,80,39,67,98,179,63,61
107,135,116,58,49,50,50,45,114
94,219,160,220,173,239,143,32,129,11,32,6,242,32,21,31,32,25,160,32,230,241,1,208,94,210,126,145,49,221,105
164,144,146,235,36,70
247,189,118,199,102,191,76
160,118,157,30,175
1,158,59,102
132,114,73,7,197,89
226
49,117,48,87,50,20,199
34,211,181
28,195
48,80
162,94,163,139,32,13,131,32,12,24,94,124,124,94,32,45,32,0,1,32,130,133,4,210,116,104,32,166,143,94,163,58,233,151,92,43,99,91,234,104,124,234,151,93
118,79,50,74,181
83,51,50,217,131
132,178,131,36,37,2
57,177,58,159,238,42,179,131
28,30,58,26,13,121,96,1,121,36,59,102
28,30,58,157,50,188,50,118,188,102
204,26,208,131,20,39,50,108,63,58,201,232,2,59,104
118,116,67,228,45,49,57,43,242,132
36,40,119
26,26,82,151,151
36,111,40,215,58,206,118,226,84,190,104,220
36,79
94,101,94,99,91,49,124,117
185,4,94,37,58,32,37,94,36,37,44
133,185,118,116,181
85,28,232,85
210,170,40,25,41,58,159,31,233,105,179
67,28,244,48,16,231,76
50,45,49
26,179,208,206,26,208,179,45
100,58,161,154,132,208,43,132
51,152,94,72,105,253,44,32,73,39,109,32,214,149,33
28,58,58,24,43,51,186,102,84,131
107,49,107,50,114,39,179,57,61,110,48,99,3
36,13,211
212,222,76
119,74,1,102,28,83,59,253,39,7,227,59,160,116
160,118,243
48,155,151,76
28,82,115,212,48,112
87,63,40,112,58,147,145,131
85,28,232,85,76
24,65,91,206,19,65,179,124,117
52,40,231,197,239,244,41,51,118,108,51,108,1,231,198,67,118,150,154,67
107,114,118,20,245,76,146,198,28,155,41,201
39,240,167,59,76,126,177,34
19,65,132,179,169,37,131,19,65
24,69,187,101,23,97,41,152
131,34,1,140,132,42,91,17,205,211,210,85,118,120,179,59,7,140,34
211,100,45,132,187,41,49,188,58,78,89,132
102,71,131,138,41,201
194,39,76,53,224,110,23,65,3
26,58,179,112,208,228,45
245,84,157,179,78,165,37,74
28,75,118,145,243,197,15,84,116,126,152,158,74
15
212,118,151,65
204,179,208,179,61,41,152,116
165,157,4,159,223,107,80,134,34,223,223,183,214
40,243,215
159,118,244,103,61
236,210,107,114,70,51,108,185
204,76,160,148,118,157,85,199,92,124,118,106,175
28,30,36,101,36,40,212
92,61,47,7,18,113
102,48,169,86,179,41,20
26,20,1,160,31,86,243,58,82,74,103,59,85,118,189,118,76,79
48,200,82,151
245,212,191,126,97,76
18,187
26,56,157,118,76,57,54,49,54,177,67,151
26,208,36,37,85
9,6,62,138,88,219,219,29,9,61
57,24,197,244,109,107,114,102,42,222,19,153,249,176
245,82,246,39,116,142,59,118,104,246,39,116,142,2,59,118,104,247,39,116,142,59,1,7,36,119,158,59,102,87,164,237,6,63,116,145,105,36,115,185,36,15,87,175
164,32,37,191,198,175,36,37
40,33,151,164,43,42,164,49,50,34,105,110,67,179,105,187
25,196,1,28,83,1,196,206,118,138,93,102,85
101,25,39,63,139,28,117
202,179,233,152,28,75,247,179,234,224,130
102,197,245,100,157,198,179,116
31,208,131,53,108,31,86,70,126,168,104
75,58,63,101,20,179
178,68,24,118,146,148,63,26,20
1,107,100,110,49,45,118,42,57,24,201,39,228,99,2,59,57,24,201,1,102,7,36,193,59,85,39,211,61,36,211,23,3,59,104
216,197,231,231,197,175
159,197,249,42,222,92,43,106
115,182,63,67,103,133,61,59,116
245,121,20,247,121,42,181,77,65,61,104
23,91,131,31,208,99
245,43,100,188,105
118,205,25,208,198,102,74,105
180,58,82,220,145,222,152,184,220
26,58,118,224,196,118,231,118,196,28,102
17,205,210,211,118,85,118,76,115
50,108,198,41,20,135,100,118,106,58,159,36,221,175,135,57,67,86
181,91,134,124,71
67,23,58,100,22,180,43,217
9,1,172,236,235,27,2,202,166,53,247,42,220,241,194,241,122,33,9,118,145,52,148,51,45,179
23,42,179,56,61,41,165,152
0,240,28,112,118,145,131,118,120,49,119,36,5
75,76,110,179,61,41,152
155,246,240,116,130
67,58,71,36,103,45
25,50,221,179,51,55,52,102,63,118,76,122,52,106,19,95,249,118,19,82,175
246,107,207,20,145,126,191,197,183
103,25,36,118,177,1,253,177,179,59,58,131,34,198
117,36,101,28,13,140
63,43,110,131,37,41,194
118,108,118,198,0,189,126,13,118,65,220,102,59,82,65,2
51,40,76,112
102,28,223,36,13
159,68,131,219,155,191,198
92,49,42
204,76,71,26,20,39,159,68,131,219,155,191,198,63,227
28,252,48,233,48,48,34,110,94,95,118,94,42,31,95,40,110,43,68,136,32,68,117,62,65,91,7,63,105,105,58,117,226,91,252,137,32,99,2,91,38,43,124,96,93,93,124,88,93,250,41,234,63,102,49,79,61,41,94,60,62,95,118,94,173,42,28,8,118,196,49,28,102,134,112,99
98,189,231,198,206,99,41,152
69,63,157,231,118,181,65,41,194
131,40,87,58
204,159,189,13,126,190
247,153,206,99,70,115,182,204,238,153,74,206,145
98,73,231,118,181,65,41,152
196,118,19,196,28,102,39,198,63,71,61,65,59,104,28,155
92,122,112,245,65,186,245,240,200,151,190
94,12,32,14,94,36,246,240,78,19,154
121,179
4,65,91,107,118,234,105,36,13,38,131
40,100,49,36,34,222
92,58,47,72,49,54,138
39,115,189,39,190,190
114,102,185,127,116
107,216,48,122,74,158,253,198,85,77,198
102,28,195,2,41,152,179
63,42,63,43,63,126,37,47,181,41,151
48,99
107,216,48,50,118,86,58,78,74
53,68,58,78,50,48,87,187,206,11,43,103,186,54,14,47,142,105,129,111,64,116,11,107,52,139,45,58,48,225,42,42,179
18,240,115,197
94,43,45,32,94,173,192,151,115,69,141
28,30,75,1,1,28,30,75,36,131,101,187,198,50,108,247,173,118,188,181,99,42,110,178,42,63,18,76,110,101,36,47,59,179,59,50,108,247,173,118,188,181,99,131
54,57,102,227,91,52,50,124,253
100,26,58,157,82,102,74,105
204,48,98,40,100,110,206,42,221
50,78,139,179
121,34,102
196,39,212,213,58,107,43,36,13,227,59,58,63,99,91,96,124,223
140,13,63,48,60,91,197
39,76,53,61,59,53,143,39,179,28,117
140,207,13,110,198,2,14,197,206,61,41,78
249,58,165,47,155,126,23,39,206,19,112
76,177,249,126,42,126,43,155,126,23
28,112,58,100,131,20
245,104,146,246,116,197,118,130
57,223
129,1,216,36,37,179,2,59,180,58,71,145,131
197,144,82,118,228,218,179
142,91,171,40,110,206,101,187,250,41,252,179,19,143,55,202,124,92,30
118,79,28,77,191,28,103
28,155,18,77
245,167,186,104
18,81,58,91,118,116,124,94,142,168
123,55,28,223,4,44
26,201,1,253,59,85,115
236,58,237,85,61
1,107,45,58,100,201,58,82,74,36,67,118,43,67,59,28,102,18,77
28,68,204,126,97,190,126,65,201,168
196,39,27,210,237,31,112,246,20,190,65
85,28,120,20,116,76
48,49,63,149,2,5,58,22,34,165,42,210,94,240,159,148,181,226,154,170,94,17,42,179
125,35,114,34,92,34,112,114,105,110,116,40,51,53,53,41,59,52,48,48,35,123
247,104,16,7,20,231,104
1,7,84,45,42,59,179,213
247,126,181,70,231,191,7
53,26,43,171,43,50,52,37,36,83,43,94,129,133,172,131,15,249,29,215,213,127,94,53,47,89
131,223,132,36,223,120
39,63,164,46,42,106,114,59,28,103
210,63,92,37,86,194,63,118,28,223,231,118,194,37
26,26,82
107,54,247,223,43,190,20,228,220
55,53,26,49,53,157,1,28,223,53,202
140,166,63,131,40,45,17,58,140,126,43,95,45,28,114,41,96,45,179
107,104,92,33,43,44
26,58,158,102,196,0,50,108,118,115,28,117,59,99
170,91,76
126,133,132,179
187,252,36,40,110,42,58,126,31,61,140,103,70,48,74,132,110,47,41,76
123,215,58,124,58,133,91,50,148,124,84,131
28,83,126,190,208,198,99
98,48,204,79,16,118,76,181,61
1,235,155,132,238,147,150,177
30,50,108,85,102,118,79,52,61,65,30
54,26,233,4,17,52,25,61,248,215,42,57,43,4,234,196,105,233,59,234,104,59,49,112,151,50,19,3
187,22,253,47
11,182,55,33,252,133,11,169,139,180,62,147,179,133,43,131,208,100
94,45,236,186,120,32,39,42,59,95,92,94,44,46,96,32,36,43,45,79,111,120,126,94,17,223,210,7,50,29,151,50,29,36,223,89
164,110,103,107,118,118,201,7,86,210,1,199,65,97,91,156,164,105,121,42,74,59,67,9,1,158,56,131,149,43,0,21,203,1,118,139,34,192,31,122,94,66,15,175,27,15,103,60,207,211,125,43,46,43,9,210,36,191,198,194
206,139,222,206,27,232,2,41,152
229,0,90,229,0,7,110,102,199,103,131,42,34,59,118,116,59,102,71,208
94,20,151,94,214,107,50,150,142,91,94,101,99,94,124,94,99,101,94,93,214,94,114,215,160,94,44
28,110,58,201,0,206,231,89,197,7,42,43,45,213,204,65,179,2,3,59,99
180,245,19,138,241
197,107,114,184,165,244,192
18,98,56,18,90,50,157,118,231,118,118,66,118,194,94,80,50,32,56,32,56,32,51,94,112,175
50,40,135,118,19,46,231,41,231,135,28,73,107,216,34,0,104,110,7,58,107,216,201,198,74,20,34,59,201,7,70,223
0,253,118,120
24,144,198,58,201,39,229,20,222,110,70,59,63,147,76,226,5
28,30,75
115,19,196,39,76,206,61,59,246,1,150,45,208,150,59,179,130
50,74,181
52,40,58,245,148,28,67,7,45,36,231,82,41,96,87,28,77,104
196,118,19,196,28,102,39,198,31,61,211,59,28,71
222,36,24,29,180,150,140
40,189,58,246,190,190,241,6,102
114,190,39,23

28,112,126,28,117,39,102,23,65
204,105,179,47,166,42
63,70,41,151
98
26,51,143,39,208,7,177,61
1,196,118,19,196,28,102,39,76,206,61,59,39,1,104,119,34,0,104,110,7,58,107,216,201,198,74,20,34,59,201,181,59,65,59,1,1,51,40,58,107,43,118,42,197,41,87,1,103,118,45,115,59,103,59,115,59,59,228,20
26,36,28,196,82,102
121,49,243,45,58,18,150,45,58,78,49,244,89,48,118,129
238,126,19,138,28,71,76
67,179,107,214,37,67
94,15,94,202,27,85,76
208,179,161,47
40,0,150,110,18,150,119,102,150,110,68,118,79,28,77,191,150,110,204,71,103,45,87,87,59,15,41,150
25,133,58,118,61
246,67,179,80
27,19,87,237,85,76,132
237,27,185,115
194,0,187,179,49,61,110,28,117,3,59,99
68,48,74,31,112,177,245,151,143,13,1,76,206,225,91,205,104,116,92,45,89,125,102
39,246,100,131,20,52,202,23,66,49,51,61
24,58,69,42,131,99
13
40,156,126,99,91,16,229,246,197,78,102,38,131,124,112,59,140,58,40,156,16,58,147,116,20,104,58,141,209,118,16,28,102,147,197,74,102,41,87,179,234,91,100,234,43,78
40,58,103,215,195,116,61,244,190
39,58,100,131,110,132,17,87,23,65
102,67,132,92,49,221,131,151,11,2,17,200,90,174,158,188,225,80,11,51,82,50,16,121,19,86
98,151,28,83,39,51,47,181,59,104,181
107,81,63,70
19,65,26,116
94,60,5,19,62,94,63,40,94,60,116,114,62,94,164,104,100,110,49,62,105,94,60,116,37,62,65,94,36,37,206,42,87,151
118,151,7,58,76,100,49,36,40,118,111,28,155,147,255,41,168
55,177,20,2
179,167,63,115,156,36,179,224,63,179,17,63,76,132,225,87,65
123,58,28,198,2,124,7,95,33,40,126,60,14,36,255,41,254,36,255,95,87,38,131,125,234
45,213
55,177,70,227
123,28,198,2,124,28,223,58
50,143
58,1,94,83,76,94,162,165,124,49,49,49,48,163,192,92,48,54,177,74,151,28,142,54,48,208,202,118,211,59,179,36,76,24,31,86,79
51,18,142
54,223,52,43,1,50,48,223,59,215,58,55,99,91,132,215,58,65,2,91,131,215,125,49,74,58,49,51,145,202,215,58,50,99,14,126,167,215,68,50,48,99,91,50,105,167,91,50,48,124,76,50,48,42,93,44,81,125,49,74,58,180,246,53,48,62,241,202,215,58,49,54,99,91,179,204,44,72,44,124,179,44
113,92,92,100,92,92,86
1,18,142,92,111,79
92,36,11,3,60,105,11,74
190,0,239,208,179,45,59,90,127,194
15
1,63,36,186,36,23,3,59,179,49,61
97,58,91,0,63,160,68,131,118,43,36,201,118,228,148,20,198,133,63,99,59,194
169,20,1,206,107,65,102,110,118,118,86,170,207,20,36,118,90,39,1,7,77,1,7,177,110,104,61,59,65,59,65,59,118,118,104,59,28,102,85,118,194,164,59,32,106
26,18,192
67,212,213,131,131,8,218,176
36,210,211,50,157,40,110,126,191,197,183
244
253,58,184,61,36,48,79,61
118,102,48,28,199,28,75,1,75,1,231,28,117,59,59,231,49,28,145,197,180
102,184,61,105
51,31,101,132,145,131
24,126,132,69,247,69,63,62,99
28,13,209,34,208,198,161,253,47
74,107,66,67,58,67,86,41,82
1,179,43,59,99,2
28,112,234,40,31,167,131,23,59,41,145,131,38,131,41,245,23,36,149,76,132
205,20,230,64,7,47
69,0,45,91,160,238,36,118,120,101,253
204,74,112,62
94,103,46,103,108,94,31,85
26,178,117,138
