76,221,180,197,25
229,5
25,238,39,179,23
0,28,106,151,91,28,106,124,118,120,65
102,63,245,76,16,102,132,31,233,40,119
17,126,23,45,23,179

236,31,61,246,85,115
233,246,234,82,191,76
194,165,36,186,118,253,179
0,49,62,91,132,120,126,146,58,142,91,148,124,43,43
236,28,235
0,132,63,43,63,63,45,186,65,59,151,132
49,165,63,40,126,112,41,121,78,89,100,28,82,56,37,50,8,19,3
109,112,49,51,108,164,226,173,132,30,118,99,103
57,39,18,142,63,153,198,99
0,18,142,164,0,2,45,63,99,59,151
182,136,0,102,18,142,137,227,59,194
50,241,58,233,69,47,132,17,69,234,100,131,42
249,50,118,138,79
100,36,29
204,18,112,208,63,58,26,18,102,246,63,177,130,87,150
107,97,102,11,22,213,158,18,155,201,232,2,53,61,20,177,123,136,172,45,234,75,107,155,119,207,244,254,76,208,70,149,119,229,34,226,204,237,131,222,37,240,91,81,179,41,102,189,0,61,87,139,199,156,31,224,132,114,247,124,123,103,244,115,227,130,50,11,49,54,139,48,16,118,180,19,65,43
153,182,179,59,73,104,116
236,42,43,239,209,177,74,239,30,175
178
210,226,91,94,78,97,78,94,124,18,142
196,39,76,161,157,28,68,102,63,227,59,104
196,211,150
107,206,107,118,34,58,26,74,74,228,42,164,14,43,107,206,235,49,193,36,246,164,101,105,106,19,154
194,118,196,28,102,85,118,71,133,179
40,1,104,47,59,147,254,68,34,254,45,255,119,74,1,243,58,104,213,42,93,1,243
39,233,63,1,48,36,98,40,100,110,234,42,221,41,63,61,59,97
18,111,50,78,152,74
75,253
189,19,196,118,118,102
158,28,109,245,181,16
72,164,32,88,139,56,217,175
115,104,17,55,43,206,116,225
31,86,118,47,102,85,126,151,115,175
31,233,158,102
211,179,36,69,37,253,206,217,131,74
75,76
253
187
27,102,104,79,50,60
166,24,18,142,118,104,151
17,104
107,148,208,132
28,120,115,63,145
155,1,39,18,75,61,59,186,97,59,179
160,190,47,118,181,97
85,28,232,104
76,74,76,43,76,74
19,65,179,92,65,53,19,217
212,213,222,189,76,36,14,131
52,186,50,34,63,51,225,105,63,63,63,50,51,42,57,148,87,228,45,55,37
98,197,66
92,43,51,45,52,42,92,124,63,98,49,54,18,90,92,35,42,50,217,25,43,52,157,198,118,34,102,239,118,239,175
94,84,73,45,94,63,52,54,102,105,74,63,54,105,8,226,92,43,42,74
1,132,112,211
189,190,76
197,9,87,150,9,184,192,61
98,185,127,104
50,57,46,57,48,52,49,54,55,55,63,161,47
248,11,63,47,18,101,132,42
197
116
24,31,112,74,211
92,61,42,92,58,19,98,132,43
113
119,74,179
67,179
98,190,66
26,208,179
212,107,166,227
98,76
76,107,13,7,89,36,197,112,42,63,164,16,63,106,202,104
50,36,40,58,132,42,131
26,40,110,102,179,41,87,179
40,28,157,190,199,106
182,98,179,22
49,53,146,206,61,41,152,116
64,102,58,42,124,33,59
132,166,148,131
105
249,83,36,142,91,244
245,167,186,252,119,74,104
180,61,42
166,39,50,99,2
102,186,103
26,184,89,151
39,63,36,79,151,59,71
229,129,61,84,191
102,222,253
94,73,116,39,115,32,37,32,8,146,44,32,153,186,44,32,103,111,32,0,130,46,94,107,135,116,37
94,33,213,130,32,44,129,191,94,94,191,129,44,32,130,213,33,94
184,43,248,54,111,76,151
92,48,100,48,86
18,47,94,0,1,32,104,227,239,21,196,0,172,32,111,102,32,0,8,32,2,158,32,183,236,32,105,115,32,253
28,71
78,34,105
94,34,0,149,32,0,29,32,94,42,164,235,199,235,43,94,32,0,2,32,73,39,109,32,0,170,34,94,63,42,43,190,199
118,194,253,39,102,115,49,50,26,227
180,179
107,80,39,67,98,179,63,61
107,135,116,58,49,50,50,45,114
94,219,160,220,173,239,143,32,129,11,32,6,242,32,21,31,32,25,160,32,230,241,1,208,94,210,126,145,49,221,105
164,144,146,235,36,70
247,189,118,199,102,191,76
160,118,157,30,175
1,158,59,102
132,114,73,7,197,89
226
49,117,48,87,50,20,199
34,211,181
28,195
48,80
162,94,163,139,32,13,131,32,12,24,94,124,124,94,32,45,32,0,1,32,130,133,4,210,116,104,32,166,143,94,163,58,233,151,92,43,99,91,234,104,124,234,151,93
118,79,50,74,181
83,51,50,217,131
132,178,131,36,37,2
57,177,58,159,238,42,179,131
28,30,58,26,13,121,96,1,121,36,59,102
28,30,58,157,50,188,50,118,188,102
204,26,208,131,20,39,50,108,63,58,201,232,2,59,104
118,116,67,228,45,49,57,43,242,132
36,40,119
26,26,82,151,151
36,111,40,215,58,206,118,226,84,190,104,220
36,79
94,101,94,99,91,49,124,117
185,4,94,37,58,32,37,94,36,37,44
133,185,118,116,181
85,28,232,85
210,170,40,25,41,58,159,31,233,105,179
67,28,244,48,16,231,76
50,45,49
26,179,208,206,26,208,179,45
100,58,161,154,132,208,43,132
51,152,94,72,105,253,44,32,73,39,109,32,214,149,33
28,58,58,24,43,51,186,102,84,131
107,49,107,50,114,39,179,57,61,110,48,99,3
36,13,211
212,222,76
119,74,1,102,28,83,59,253,39,7,227,59,160,116
160,118,243
48,155,151,76
28,82,115,212,48,112
87,63,40,112,58,147,145,131
85,28,232,85,76
24,65,91,206,19,65,179,124,117
52,40,231,197,239,244,41,51,118,108,51,108,1,231,198,67,118,150,154,67
107,114,118,20,245,76,146,198,28,155,41,201
39,240,167,59,76,126,177,34
19,65,132,179,169,37,131,19,65
24,69,187,101,23,97,41,152
131,34,1,140,132,42,91,17,205,211,210,85,118,120,179,59,7,140,34
211,100,45,132,187,41,49,188,58,78,89,132
102,71,131,138,41,201
194,39,76,53,224,110,23,65,3
26,58,179,112,208,228,45
245,84,157,179,78,165,37,74
28,75,118,145,243,197,15,84,116,126,152,158,74
15
212,118,151,65
204,179,208,179,61,41,152,116
165,157,4,159,223,107,80,134,34,223,223,183,214
40,243,215
159,118,244,103,61
236,210,107,114,70,51,108,185
204,76,160,148,118,157,85,199,92,124,118,106,175
28,30,36,101,36,40,212
92,61,47,7,18,113
102,48,169,86,179,41,20
26,20,1,160,31,86,243,58,82,74,103,59,85,118,189,118,76,79
48,200,82,151
245,212,191,126,97,76
18,187
26,56,157,118,76,57,54,49,54,177,67,151
26,208,36,37,85
9,6,62,138,88,219,219,29,9,61
57,24,197,244,109,107,114,102,42,222,19,153,249,176
245,82,246,39,116,142,59,118,104,246,39,116,142,2,59,118,104,247,39,116,142,59,1,7,36,119,158,59,102,87,164,237,6,63,116,145,105,36,115,185,36,15,87,175
164,32,37,191,198,175,36,37
40,33,151,164,43,42,164,49,50,34,105,110,67,179,105,187
25,196,1,28,83,1,196,206,118,138,93,102,85
101,25,39,63,139,28,117
202,179,233,152,28,75,247,179,234,224,130
102,197,245,100,157,198,179,116
31,208,131,53,108,31,86,70,126,168,104
75,58,63,101,20,179
178,68,24,118,146,148,63,26,20
1,107,100,110,49,45,118,42,57,24,201,39,228,99,2,59,57,24,201,1,102,7,36,193,59,85,39,211,61,36,211,23,3,59,104
216,197,231,231,197,175
159,197,249,42,222,92,43,106
115,182,63,67,103,133,61,59,116
245,121,20,247,121,42,181,77,65,61,104
23,91,131,31,208,99
245,43,100,188,105
118,205,25,208,198,102,74,105
180,58,82,220,145,222,152,184,220
26,58,118,224,196,118,231,118,196,28,102
17,205,210,211,118,85,118,76,115
50,108,198,41,20,135,100,118,106,58,159,36,221,175,135,57,67,86
181,91,134,124,71
67,23,58,100,22,180,43,217
9,1,172,236,235,27,2,202,166,53,247,42,220,241,194,241,122,33,9,118,145,52,148,51,45,179
23,42,179,56,61,41,165,152
0,240,28,112,118,145,131,118,120,49,119,36,5
75,76,110,179,61,41,152
155,246,240,116,130
67,58,71,36,103,45
25,50,221,179,51,55,52,102,63,118,76,122,52,106,19,95,249,118,19,82,175
246,107,207,20,145,126,191,197,183
103,25,36,118,177,1,253,177,179,59,58,131,34,198
117,36,101,28,13,140
63,43,110,131,37,41,194
118,108,118,198,0,189,126,13,118,65,220,102,59,82,65,2
51,40,76,112
102,28,223,36,13
159,68,131,219,155,191,198
92,49,42
204,76,71,26,20,39,159,68,131,219,155,191,198,63,227
28,252,48,233,48,48,34,110,94,95,118,94,42,31,95,40,110,43,68,136,32,68,117,62,65,91,7,63,105,105,58,117,226,91,252,137,32,99,2,91,38,43,124,96,93,93,124,88,93,250,41,234,63,102,49,79,61,41,94,60,62,95,118,94,173,42,28,8,118,196,49,28,102,134,112,99
98,189,231,198,206,99,41,152
69,63,157,231,118,181,65,41,194
131,40,87,58
204,159,189,13,126,190
247,153,206,99,70,115,182,204,238,153,74,206,145
98,73,231,118,181,65,41,152
196,118,19,196,28,102,39,198,63,71,61,65,59,104,28,155
92,122,112,245,65,186,245,240,200,151,190
94,12,32,14,94,36,246,240,78,19,154
121,179
4,65,91,107,118,234,105,36,13,38,131
40,100,49,36,34,222
92,58,47,72,49,54,138
39,115,189,39,190,190
114,102,185,127,116
107,216,48,122,74,158,253,198,85,77,198
102,28,195,2,41,152,179
63,42,63,43,63,126,37,47,181,41,151
48,99
107,216,48,50,118,86,58,78,74
53,68,58,78,50,48,87,187,206,11,43,103,186,54,14,47,142,105,129,111,64,116,11,107,52,139,45,58,48,225,42,42,179
18,240,115,197
94,43,45,32,94,173,192,151,115,69,141
28,30,75,1,1,28,30,75,36,131,101,187,198,50,108,247,173,118,188,181,99,42,110,178,42,63,18,76,110,101,36,47,59,179,59,50,108,247,173,118,188,181,99,131
54,57,102,227,91,52,50,124,253
100,26,58,157,82,102,74,105
204,48,98,40,100,110,206,42,221
50,78,139,179
121,34,102
196,39,212,213,58,107,43,36,13,227,59,58,63,99,91,96,124,223
140,13,63,48,60,91,197
39,76,53,61,59,53,143,39,179,28,117
140,207,13,110,198,2,14,197,206,61,41,78
249,58,165,47,155,126,23,39,206,19,112
76,177,249,126,42,126,43,155,126,23
28,112,58,100,131,20
245,104,146,246,116,197,118,130
57,223
129,1,216,36,37,179,2,59,180,58,71,145,131
197,144,82,118,228,218,179
142,91,171,40,110,206,101,187,250,41,252,179,19,143,55,202,124,92,30
118,79,28,77,191,28,103
28,155,18,77
245,167,186,104
18,81,58,91,118,116,124,94,142,168
123,55,28,223,4,44
26,201,1,253,59,85,115
236,58,237,85,61
1,107,45,58,100,201,58,82,74,36,67,118,43,67,59,28,102,18,77
28,68,204,126,97,190,126,65,201,168
196,39,27,210,237,31,112,246,20,190,65
85,28,120,20,116,76
48,49,63,149,2,5,58,22,34,165,42,210,94,240,159,148,181,226,154,170,94,17,42,179
125,35,114,34,92,34,112,114,105,110,116,40,51,53,53,41,59,52,48,48,35,123
247,104,16,7,20,231,104
1,7,84,45,42,59,179,213
247,126,181,70,231,191,7
53,26,43,171,43,50,52,37,36,83,43,94,129,133,172,131,15,249,29,215,213,127,94,53,47,89
131,223,132,36,223,120
39,63,164,46,42,106,114,59,28,103
210,63,92,37,86,194,63,118,28,223,231,118,194,37
26,26,82
107,54,247,223,43,190,20,228,220
55,53,26,49,53,157,1,28,223,53,202
140,166,63,131,40,45,17,58,140,126,43,95,45,28,114,41,96,45,179
107,104,92,33,43,44
26,58,158,102,196,0,50,108,118,115,28,117,59,99
170,91,76
126,133,132,179
187,252,36,40,110,42,58,126,31,61,140,103,70,48,74,132,110,47,41,76
123,215,58,124,58,133,91,50,148,124,84,131
28,83,126,190,208,198,99
98,48,204,79,16,118,76,181,61
1,235,155,132,238,147,150,177
30,50,108,85,102,118,79,52,61,65,30
54,26,233,4,17,52,25,61,248,215,42,57,43,4,234,196,105,233,59,234,104,59,49,112,151,50,19,3
187,22,253,47
11,182,55,33,252,133,11,169,139,180,62,147,179,133,43,131,208,100
94,45,236,186,120,32,39,42,59,95,92,94,44,46,96,32,36,43,45,79,111,120,126,94,17,223,210,7,50,29,151,50,29,36,223,89
164,110,103,107,118,118,201,7,86,210,1,199,65,97,91,156,164,105,121,42,74,59,67,9,1,158,56,131,149,43,0,21,203,1,118,139,34,192,31,122,94,66,15,175,27,15,103,60,207,211,125,43,46,43,9,210,36,191,198,194
206,139,222,206,27,232,2,41,152
229,0,90,229,0,7,110,102,199,103,131,42,34,59,118,116,59,102,71,208
94,20,151,94,214,107,50,150,142,91,94,101,99,94,124,94,99,101,94,93,214,94,114,215,160,94,44
28,110,58,201,0,206,231,89,197,7,42,43,45,213,204,65,179,2,3,59,99
180,245,19,138,241
197,107,114,184,165,244,192
18,98,56,18,90,50,157,118,231,118,118,66,118,194,94,80,50,32,56,32,56,32,51,94,112,175
50,40,135,118,19,46,231,41,231,135,28,73,107,216,34,0,104,110,7,58,107,216,201,198,74,20,34,59,201,7,70,223
0,253,118,120
24,144,198,58,201,39,229,20,222,110,70,59,63,147,76,226,5
28,30,75
115,19,196,39,76,206,61,59,246,1,150,45,208,150,59,179,130
50,74,181
52,40,58,245,148,28,67,7,45,36,231,82,41,96,87,28,77,104
196,118,19,196,28,102,39,198,31,61,211,59,28,71
222,36,24,29,180,150,140
40,189,58,246,190,190,241,6,102
114,190,39,23

28,112,126,28,117,39,102,23,65
204,105,179,47,166,42
63,70,41,151
98
26,51,143,39,208,7,177,61
1,196,118,19,196,28,102,39,76,206,61,59,39,1,104,119,34,0,104,110,7,58,107,216,201,198,74,20,34,59,201,181,59,65,59,1,1,51,40,58,107,43,118,42,197,41,87,1,103,118,45,115,59,103,59,115,59,59,228,20
26,36,28,196,82,102
121,49,243,45,58,18,150,45,58,78,49,244,89,48,118,129
238,126,19,138,28,71,76
67,179,107,214,37,67
94,15,94,202,27,85,76
208,179,161,47
40,0,150,110,18,150,119,102,150,110,68,118,79,28,77,191,150,110,204,71,103,45,87,87,59,15,41,150
25,133,58,118,61
246,67,179,80
27,19,87,237,85,76,132
237,27,185,115
194,0,187,179,49,61,110,28,117,3,59,99
68,48,74,31,112,177,245,151,143,13,1,76,206,225,91,205,104,116,92,45,89,125,102
39,246,100,131,20,52,202,23,66,49,51,61
24,58,69,42,131,99
13
40,156,126,99,91,16,229,246,197,78,102,38,131,124,112,59,140,58,40,156,16,58,147,116,20,104,58,141,209,118,16,28,102,147,197,74,102,41,87,179,234,91,100,234,43,78
40,58,103,215,195,116,61,244,190
39,58,100,131,110,132,17,87,23,65
102,67,132,92,49,221,131,151,11,2,17,200,90,174,158,188,225,80,11,51,82,50,16,121,19,86
98,151,28,83,39,51,47,181,59,104,181
107,81,63,70
19,65,26,116
94,60,5,19,62,94,63,40,94,60,116,114,62,94,164,104,100,110,49,62,105,94,60,116,37,62,65,94,36,37,206,42,87,151
118,151,7,58,76,100,49,36,40,118,111,28,155,147,255,41,168
55,177,20,2
179,167,63,115,156,36,179,224,63,179,17,63,76,132,225,87,65
123,58,28,198,2,124,7,95,33,40,126,60,14,36,255,41,254,36,255,95,87,38,131,125,234
45,213
55,177,70,227
123,28,198,2,124,28,223,58
50,143
58,1,94,83,76,94,162,165,124,49,49,49,48,163,192,92,48,54,177,74,151,28,142,54,48,208,202,118,211,59,179,36,76,24,31,86,79
51,18,142
54,223,52,43,1,50,48,223,59,215,58,55,99,91,132,215,58,65,2,91,131,215,125,49,74,58,49,51,145,202,215,58,50,99,14,126,167,215,68,50,48,99,91,50,105,167,91,50,48,124,76,50,48,42,93,44,81,125,49,74,58,180,246,53,48,62,241,202,215,58,49,54,99,91,179,204,44,72,44,124,179,44
113,92,92,100,92,92,86
1,18,142,92,111,79
92,36,11,3,60,105,11,74
190,0,239,208,179,45,59,90,127,194
15
1,63,36,186,36,23,3,59,179,49,61
97,58,91,0,63,160,68,131,118,43,36,201,118,228,148,20,198,133,63,99,59,194
169,20,1,206,107,65,102,110,118,118,86,170,207,20,36,118,90,39,1,7,77,1,7,177,110,104,61,59,65,59,65,59,118,118,104,59,28,102,85,118,194,164,59,32,106
26,18,192
67,212,213,131,131,8,218,176
36,210,211,50,157,40,110,126,191,197,183
244
253,58,184,61,36,48,79,61
118,102,48,28,199,28,75,1,75,1,231,28,117,59,59,231,49,28,145,197,180
102,184,61,105
51,31,101,132,145,131
24,126,132,69,247,69,63,62,99
28,13,209,34,208,198,161,253,47
74,107,66,67,58,67,86,41,82
1,179,43,59,99,2
28,112,234,40,31,167,131,23,59,41,145,131,38,131,41,245,23,36,149,76,132
205,20,230,64,7,47
69,0,45,91,160,238,36,118,120,101,253
204,74,112,62
94,103,46,103,108,94,31,85
26,178,117,138
